Age,Gender,Ad name,Reach,Impressions,Frequency,Result Type,Results,Cost per result,Amount spent (PKR),"CPM (cost per 1,000 impressions)",Link clicks,CPC (cost per link click),CTR (link click-through rate),Reporting starts,Reporting ends,Creative
25-34,male,Inspection muzammil video campaign | 10 August,26894,51307,1.90774894,Messaging conversations started,99,104.8427934,10379.43655,202.3005934,214,48.50203994,0.41709708,8/1/2024,9/5/2024,video
25-34,male,Sale my car video campaign | 6th August,49832,101580,2.03844919,Link clicks,15115,0.66807522,10097.957,99.4089092,15115,0.66807522,14.87989762,8/1/2024,9/5/2024,
18-24,male,Sale my car video campaign | 6th August,39853,83588,2.09740797,Link clicks,12465,0.68157427,8495.823227,101.6392691,12465,0.68157427,14.91242762,8/1/2024,9/5/2024,
35-44,male,Sale my car video campaign | 6th August,37422,82655,2.20872749,Link clicks,12185,0.66602667,8115.534949,98.18565058,12185,0.66602667,14.74199988,8/1/2024,9/5/2024,
25-34,male,Again Run For Narzish Inspection hassan video campaign | 21 August,28180,48814,1.73222143,Messaging conversations started,71,109.2797673,7758.863475,158.9475043,180,43.10479708,0.36874667,8/1/2024,9/5/2024,video
25-34,male,Inspection Boss video campaign | 2 August,23766,40075,1.68623243,Messaging conversations started,79,94.6245845,7475.342175,186.5338035,255,29.31506735,0.63630692,8/1/2024,9/5/2024,video
35-44,male,Inspection muzammil video campaign | 10 August,16631,30855,1.85527028,Messaging conversations started,63,106.6738831,6720.454635,217.8076369,126,53.33694155,0.40836169,8/1/2024,9/5/2024,video
35-44,male,Inspection Boss video campaign | 2 August,15173,26307,1.73380347,Messaging conversations started,59,92.47532997,5456.044468,207.398961,152,35.89502939,0.57779298,8/1/2024,9/5/2024,video
25-34,male,1st Bidding Image Campaign | 17th August,95043,168235,1.77009354,Link clicks,2083,2.50652483,5221.091225,31.03451259,2083,2.50652483,1.23814902,8/1/2024,9/5/2024,
45-54,male,Sale my car video campaign | 6th August,19671,48627,2.47201464,Link clicks,7170,0.69304911,4969.162133,102.1893626,7170,0.69304911,14.74489481,8/1/2024,9/5/2024,
35-44,male,Again Run For Narzish Inspection hassan video campaign | 21 August,16101,28389,1.76318241,Messaging conversations started,43,114.4475565,4921.244927,173.3504149,85,57.89699915,0.29941174,8/1/2024,9/5/2024,video
18-24,male,Inspection muzammil video campaign | 10 August,15722,27855,1.77172116,Messaging conversations started,39,117.637944,4587.879815,164.7057912,109,42.09064051,0.39131215,8/1/2024,9/5/2024,video
18-24,male,1st Bidding Image Campaign | 17th August,69296,122069,1.76155911,Link clicks,1383,2.58004469,3568.201803,29.23102347,1383,2.58004469,1.13296578,8/1/2024,9/5/2024,
18-24,male,Again Run For Narzish Inspection hassan video campaign | 21 August,14648,25575,1.74597215,Messaging conversations started,31,107.5642001,3334.490203,130.3808486,100,33.34490203,0.39100684,8/1/2024,9/5/2024,video
25-34,male,Hafta Bazaar Tauqeer Video Campaign | 19 August,189165,253361,1.3393651,Reach,189165,16.79924807,3177.829761,12.54269505,73,43.53191453,0.02881264,8/1/2024,9/5/2024,
18-24,male,Inspection Boss video campaign | 2 August,12346,19588,1.58658675,Messaging conversations started,28,109.486722,3065.628217,156.5054226,127,24.13880486,0.64835614,8/1/2024,9/5/2024,video
25-34,male,Narzish Old Inspection Image Campaign | 23th August,10655,17157,1.61022994,Messaging conversations started,13,232.4569426,3021.940254,176.1345372,101,29.92020054,0.588681,8/1/2024,9/5/2024,image
55-64,male,Sale my car video campaign | 6th August,10171,26277,2.58352178,Link clicks,4045,0.71646578,2898.104094,110.2905238,4045,0.71646578,15.3936903,8/1/2024,9/5/2024,
25-34,male,Laiba Old Inspection Image Campaign | 23th August,5604,9435,1.68361884,Messaging conversations started,10,284.1368232,2841.368232,301.1519059,60,47.3561372,0.63593005,8/1/2024,9/5/2024,image
18-24,male,Hafta Bazaar Tauqeer Video Campaign | 19 August,168998,219178,1.29692659,Reach,168998,16.27964025,2751.226642,12.55247626,51,53.94562043,0.02326876,8/1/2024,9/5/2024,
35-44,male,1st Bidding Image Campaign | 17th August,44693,78564,1.75785917,Link clicks,940,2.80702501,2638.603507,33.5854018,940,2.80702501,1.19647676,8/1/2024,9/5/2024,
25-34,male,Inspection hassan video campaign | 1 August,7250,9531,1.31462069,Messaging conversations started,17,151.6749206,2578.47365,270.535479,35,73.67067572,0.36722275,8/1/2024,9/5/2024,video
45-54,male,Inspection muzammil video campaign | 10 August,5985,10061,1.68103592,Messaging conversations started,24,100.3259446,2407.822671,239.3224004,49,49.13923818,0.48702912,8/1/2024,9/5/2024,video
25-34,male,Inspection Image Campaign | 3 August,12277,16453,1.34014824,Messaging conversations started,71,32.51787543,2308.769156,140.3251173,171,13.50157401,1.03932414,8/1/2024,9/5/2024,image
45-54,male,Inspection Boss video campaign | 2 August,5782,9924,1.71636112,Messaging conversations started,30,74.70747403,2241.224221,225.8387969,51,43.94557296,0.51390568,8/1/2024,9/5/2024,video
35-44,male,Laiba Old Inspection Image Campaign | 23th August,3437,5737,1.66918825,Messaging conversations started,9,242.2785518,2180.506966,380.0779094,40,54.51267416,0.69722852,8/1/2024,9/5/2024,image
18-24,male,Inspection Image Campaign | 3 August,9784,13298,1.35915781,Messaging conversations started,57,36.03529668,2054.011911,154.4602129,154,13.33773968,1.15806888,8/1/2024,9/5/2024,image
35-44,male,Narzish Old Inspection Image Campaign | 23th August,6541,10782,1.64837181,Messaging conversations started,13,157.1855854,2043.41261,189.5207392,70,29.19160871,0.6492302,8/1/2024,9/5/2024,image
18-24,male,New Creative Inspection Image Campaign | 17th August,7720,10921,1.41463731,Messaging conversations started,52,38.66066403,2010.35453,184.0815429,134,15.00264574,1.22699387,8/1/2024,9/5/2024,image
25-34,male,Price Change Creative Image Campaign | 31 August,10080,15179,1.50585317,,,,1954.310728,128.7509538,71,27.52550321,0.4677515,8/1/2024,9/5/2024,image
25-34,male,New Creative Inspection Image Campaign | 17th August,7334,10671,1.45500409,Messaging conversations started,32,58.56543134,1874.093803,175.6249464,94,19.93716811,0.88089214,8/1/2024,9/5/2024,video
35-44,male,Inspection hassan video campaign | 1 August,4472,5937,1.32759392,Messaging conversations started,11,166.8425086,1835.267595,309.1237317,25,73.4107038,0.42108809,8/1/2024,9/5/2024,video
18-24,male,Narzish Old Inspection Image Campaign | 23th August,7122,9934,1.39483291,Messaging conversations started,18,99.27511772,1786.952119,179.882436,57,31.35003717,0.57378699,8/1/2024,9/5/2024,image
45-54,male,Again Run For Narzish Inspection hassan video campaign | 21 August,5713,9260,1.62086469,Messaging conversations started,13,132.9409483,1728.232328,186.6341607,27,64.00860474,0.29157667,8/1/2024,9/5/2024,video
35-44,male,Hafta Bazaar Tauqeer Video Campaign | 19 August,99688,132527,1.32941778,Reach,99688,16.6703974,1661.838576,12.53962268,33,50.35874471,0.02490059,8/1/2024,9/5/2024,
18-24,male,Inspection hassan video campaign | 1 August,4779,6247,1.30717723,Messaging conversations started,13,105.2923755,1368.800881,219.1133154,39,35.0974585,0.62429966,8/1/2024,9/5/2024,video
25-34,male,Buy a Car Campaign | 26 August,47882,61750,1.28962867,Link clicks,393,3.4654363,1361.916464,22.05532735,393,3.4654363,0.63643725,8/1/2024,9/5/2024,
25-34,male,Inspection Image Campaign | 1 August,3368,4960,1.47268409,Messaging conversations started,8,167.3795289,1339.036231,269.966982,25,53.56144924,0.50403226,8/1/2024,9/5/2024,image
18-24,male,Laiba Old Inspection Image Campaign | 23th August,4662,6748,1.44744745,Messaging conversations started,5,266.5712541,1332.85627,197.5187123,41,32.50868952,0.60758743,8/1/2024,9/5/2024,image
65+,male,Sale my car video campaign | 6th August,5469,11430,2.0899616,Link clicks,1878,0.70071254,1315.938157,115.1301975,1878,0.70071254,16.43044619,8/1/2024,9/5/2024,
25-34,male,Laiba Animated Inspection Image Campaign | 22th August,4045,6558,1.62126082,Messaging conversations started,11,119.2989653,1312.288618,200.1050043,42,31.2449671,0.64043916,8/1/2024,9/5/2024,image
25-34,male,Narzish Animated Inspection Image Campaign | 22th August,3345,6769,2.02361734,Messaging conversations started,9,140.9971212,1268.97409,187.4684725,39,32.53779719,0.57615601,8/1/2024,9/5/2024,image
35-44,male,Price Change Creative Image Campaign | 31 August,6510,9784,1.50291859,,,,1240.889172,126.8284108,51,24.33116023,0.5212592,8/1/2024,9/5/2024,image
25-34,male,Price Change Creative Image Campaign | 31 August,6911,10230,1.48024888,,,,1203.802702,117.6737734,47,25.61282344,0.45943304,8/1/2024,9/5/2024,image
25-34,male,Again Run Change The Creative Inspection Image Campaign | 15 August,2621,4003,1.52727966,Messaging conversations started,9,132.8077073,1195.269366,298.5933963,35,34.1505533,0.87434424,8/1/2024,9/5/2024,image
25-34,male,Creative Change Inspection Image Campaign | 7 August,4470,5624,1.25816555,Messaging conversations started,5,236.1307053,1180.653526,209.9312814,34,34.72510372,0.60455192,8/1/2024,9/5/2024,image
25-34,male,Buy a Car Campaign | 26 August,15758,27349,1.73556289,Link clicks,273,4.26508129,1164.367192,42.5743973,273,4.26508129,0.99820834,8/1/2024,9/5/2024,
45-54,male,1st Bidding Image Campaign | 17th August,17419,30428,1.74682818,Link clicks,340,3.23605468,1100.258591,36.15941208,340,3.23605468,1.11739188,8/1/2024,9/5/2024,
25-34,male,Creative Change Inspection Image Campaign | 20th August,3578,4414,1.23365008,Messaging conversations started,9,119.8686861,1078.818175,244.4082861,29,37.20062672,0.65700045,8/1/2024,9/5/2024,image
25-34,female,Sale my car video campaign | 6th August,4702,9702,2.06337729,Link clicks,1547,0.68100069,1053.508064,108.5866898,1547,0.68100069,15.94516595,8/1/2024,9/5/2024,
18-24,male,Buy a Car Campaign | 26 August,32645,43923,1.34547404,Link clicks,314,3.24450742,1018.77533,23.19457527,314,3.24450742,0.71488742,8/1/2024,9/5/2024,
55-64,male,Inspection muzammil video campaign | 10 August,2203,3734,1.69496142,Messaging conversations started,11,90.63628435,996.9991279,267.0056582,30,33.23330426,0.80342796,8/1/2024,9/5/2024,video
45-54,male,Laiba Old Inspection Image Campaign | 23th August,1345,2282,1.69665428,Messaging conversations started,3,323.9891592,971.9674775,425.9279042,21,46.28416559,0.9202454,8/1/2024,9/5/2024,image
35-44,male,Again Run Change The Creative Inspection Image Campaign | 15 August,1884,2995,1.58970276,Messaging conversations started,8,121.2721927,970.1775419,323.9324013,25,38.80710167,0.83472454,8/1/2024,9/5/2024,image
18-24,female,Sale my car video campaign | 6th August,3806,8640,2.27009984,Link clicks,1430,0.67696513,968.0601305,112.0439966,1430,0.67696513,16.55092593,8/1/2024,9/5/2024,
55-64,male,Inspection Boss video campaign | 2 August,2556,3762,1.47183099,Messaging conversations started,14,68.97862403,965.7007365,256.6987604,29,33.3000254,0.77086656,8/1/2024,9/5/2024,video
35-44,male,Inspection Image Campaign | 1 August,2489,3522,1.41502611,Messaging conversations started,4,240.0971262,960.3885049,272.6827101,22,43.65402295,0.62464509,8/1/2024,9/5/2024,image
18-24,male,Buy a Car Campaign | 26 August,13025,22235,1.70710173,Link clicks,246,3.89428326,957.9936818,43.08494184,246,3.89428326,1.10636384,8/1/2024,9/5/2024,
35-44,male,Inspection Image Campaign | 3 August,4971,6740,1.35586401,Messaging conversations started,23,40.59276782,933.6336599,138.5213145,75,12.4484488,1.11275964,8/1/2024,9/5/2024,image
25-34,male,Creative Change Still Inspection Campaign For Narzish | 03 September,3328,4386,1.31790865,,,,915.567176,208.7476462,18,50.86484311,0.41039672,8/1/2024,9/5/2024,image
35-44,male,Narzish Animated Inspection Image Campaign | 22th August,2191,4423,2.01871292,Messaging conversations started,2,455.293919,910.5878381,205.8756134,22,41.39035628,0.49739995,8/1/2024,9/5/2024,image
18-24,male,Creative Change Inspection Image Campaign | 20th August,2942,3592,1.22093814,Messaging conversations started,17,52.07270681,885.2360158,246.4465523,45,19.67191146,1.25278396,8/1/2024,9/5/2024,image
35-44,male,Creative Change Inspection Image Campaign | 7 August,2931,4180,1.42613443,Messaging conversations started,8,110.2652214,882.1217709,211.0339165,22,40.09644413,0.52631579,8/1/2024,9/5/2024,image
45-54,male,Inspection hassan video campaign | 1 August,1849,2421,1.30935641,Messaging conversations started,6,145.0398906,870.2393437,359.4544997,14,62.15995312,0.57827344,8/1/2024,9/5/2024,video
35-44,male,Laiba Animated Inspection Image Campaign | 22th August,2398,3705,1.54503753,Messaging conversations started,4,214.7944436,859.1777744,231.8968352,23,37.35555541,0.62078273,8/1/2024,9/5/2024,image
35-44,male,New Creative Inspection Image Campaign | 17th August,3156,4398,1.39353612,Messaging conversations started,10,82.86042113,828.6042113,188.4047775,49,16.91029003,1.11414279,8/1/2024,9/5/2024,image
25-34,male,Number Change Laiba Inspection Image Campaign | 7 August,3419,4250,1.24305352,Messaging conversations started,7,117.945733,825.6201308,194.2635602,24,34.40083878,0.56470588,8/1/2024,9/5/2024,image
35-44,male,Buy a Car Campaign | 26 August,25394,34725,1.367449,Link clicks,224,3.50035284,784.0790371,22.5796699,224,3.50035284,0.64506839,8/1/2024,9/5/2024,
25-34,male,For Website Animated Inspection Image Campaign | 01 September,27466,36216,1.31857569,Link clicks,252,3.09071909,778.86121,21.50599762,252,3.09071909,0.69582505,8/1/2024,9/5/2024,image
35-44,male,Creative Change Still Inspection Campaign For Narzish | 03 September,2651,3264,1.2312335,Messaging conversations started,5,151.3982441,756.9912204,231.9213298,18,42.0550678,0.55147059,8/1/2024,9/5/2024,image
25-34,male,Inspection abdullah video campaign | 20 August,3061,3456,1.1290428,Messaging conversations started,4,188.9695011,755.8780046,218.7147004,11,68.71618223,0.31828704,8/1/2024,9/5/2024,video
18-24,male,Price Change Creative Image Campaign | 31 August,4478,6275,1.40129522,,,,735.62159,117.2305323,28,26.27219964,0.44621514,8/1/2024,9/5/2024,image
18-24,male,Laiba Animated Inspection Image Campaign | 22th August,2368,3692,1.55912162,Messaging conversations started,3,243.6607872,730.9823616,197.9908888,15,48.73215744,0.40628386,8/1/2024,9/5/2024,image
45-54,male,Narzish Old Inspection Image Campaign | 23th August,2188,3610,1.64990859,Messaging conversations started,4,182.7137019,730.8548077,202.4528553,23,31.77629599,0.63711911,8/1/2024,9/5/2024,image
35-44,female,Sale my car video campaign | 6th August,3486,6677,1.91537579,Link clicks,1042,0.69591952,725.1481444,108.6038856,1042,0.69591952,15.60581099,8/1/2024,9/5/2024,
35-44,male,Buy a Car Campaign | 26 August,10804,18433,1.70612736,Link clicks,197,3.62200451,713.5348878,38.70964508,197,3.62200451,1.06873542,8/1/2024,9/5/2024,
45-54,male,Hafta Bazaar Tauqeer Video Campaign | 19 August,37399,57219,1.52996069,Reach,37399,19.0716903,713.2621457,12.4654773,12,59.43851214,0.02097205,8/1/2024,9/5/2024,
55-64,male,1st Bidding Image Campaign | 17th August,9473,17856,1.88493613,Link clicks,190,3.68485339,700.1221436,39.20934944,190,3.68485339,1.0640681,8/1/2024,9/5/2024,
35-44,male,Price Change Creative Image Campaign | 31 August,3535,5223,1.47751061,,,,669.7576694,128.2323702,17,39.39750997,0.32548344,8/1/2024,9/5/2024,
25-34,male,Change The Creative Inspection Image Campaign | 10 August,1561,2418,1.54900705,Messaging conversations started,1,665.5860101,665.5860101,275.2630315,15,44.37240067,0.62034739,8/1/2024,9/5/2024,image
18-24,male,Creative Change Inspection Image Campaign | 7 August,2255,2814,1.24789357,Messaging conversations started,4,164.6134502,658.4538008,233.9921112,22,29.92971822,0.78180526,8/1/2024,9/5/2024,image
35-44,male,Creative Change Inspection Image Campaign | 20th August,1924,2500,1.2993763,Messaging conversations started,4,161.8466437,647.3865749,258.95463,14,46.24189821,0.56,8/1/2024,9/5/2024,image
18-24,female,Hafta Bazaar Tauqeer Video Campaign | 19 August,40462,50416,1.2460086,Reach,40462,15.71649814,635.9209478,12.61347485,8,79.49011848,0.01586798,8/1/2024,9/5/2024,
55-64,male,Inspection hassan video campaign | 1 August,910,1315,1.44505495,Messaging conversations started,5,115.5333908,577.6669542,439.2904594,16,36.10418464,1.21673004,8/1/2024,9/5/2024,video
18-24,male,For Website Animated Inspection Image Campaign | 01 September,21065,26668,1.26598623,Link clicks,160,3.5624598,569.9935677,21.3736901,160,3.5624598,0.59997,8/1/2024,9/5/2024,image
55-64,male,Again Run For Narzish Inspection hassan video campaign | 21 August,1835,2785,1.51771117,Messaging conversations started,3,188.4938873,565.4816619,203.04548,12,47.12347183,0.43087971,8/1/2024,9/5/2024,video
18-24,male,Narzish Animated Inspection Image Campaign | 22th August,1748,3066,1.75400458,Messaging conversations started,2,259.7923675,519.584735,169.4666455,12,43.29872791,0.39138943,8/1/2024,9/5/2024,image
18-24,male,Again Run Change The Creative Inspection Image Campaign | 15 August,1156,1683,1.45588235,Messaging conversations started,10,50.39430346,503.9430346,299.4313931,18,27.99683525,1.06951872,8/1/2024,9/5/2024,image
35-44,male,Number Change Laiba Inspection Image Campaign | 7 August,1960,2391,1.21989796,Messaging conversations started,2,249.1564348,498.3128695,208.411907,13,38.3317592,0.54370556,8/1/2024,9/5/2024,image
18-24,male,Number Change Laiba Inspection Image Campaign | 7 August,1885,2351,1.24721485,Messaging conversations started,3,163.8492854,491.5478562,209.0803302,14,35.11056116,0.59549128,8/1/2024,9/5/2024,image
25-34,male,Again Run Inspection hassan video campaign | 21 August,2077,2470,1.18921521,Messaging conversations started,6,81.62510477,489.7506286,198.2796067,12,40.81255238,0.48582996,8/1/2024,9/5/2024,video
45-54,male,Buy a Car Campaign | 26 August,7911,13536,1.71103527,Link clicks,130,3.76244078,489.1173012,36.13455239,130,3.76244078,0.96040189,8/1/2024,9/5/2024,
55-64,male,Laiba Old Inspection Image Campaign | 23th August,547,886,1.61974406,Messaging conversations started,1,486.0435975,486.0435975,548.5819385,12,40.50363313,1.35440181,8/1/2024,9/5/2024,image
25-34,female,Inspection muzammil video campaign | 10 August,894,1694,1.89485459,Messaging conversations started,7,69.28115701,484.9680991,286.2857728,11,44.08800901,0.64935065,8/1/2024,9/5/2024,video
45-54,male,Again Run Change The Creative Inspection Image Campaign | 15 August,876,1258,1.43607306,Messaging conversations started,5,93.94650308,469.7325154,373.3962762,16,29.35828221,1.2718601,8/1/2024,9/5/2024,image
35-44,male,Inspection abdullah video campaign | 20 August,1631,1872,1.14776211,Messaging conversations started,1,454.2944047,454.2944047,242.678635,5,90.85888093,0.26709402,8/1/2024,9/5/2024,video
18-24,male,Price Change Creative Image Campaign | 31 August,3376,4730,1.40106635,,,,451.7937407,95.51664708,18,25.09965226,0.38054968,8/1/2024,9/5/2024,image
45-54,male,Buy a Car Campaign | 26 August,13256,17735,1.33788473,Link clicks,135,3.31066598,446.9399066,25.20100968,135,3.31066598,0.76120665,8/1/2024,9/5/2024,
65+,male,1st Bidding Image Campaign | 17th August,6230,9808,1.57431782,Link clicks,112,3.87381666,433.8674663,44.23607935,112,3.87381666,1.14192496,8/1/2024,9/5/2024,
35-44,male,Change The Creative Inspection Image Campaign | 10 August,965,1438,1.49015544,Messaging conversations started,2,213.6780103,427.3560205,297.187775,11,38.85054732,0.76495132,8/1/2024,9/5/2024,image
45-54,female,Sale my car video campaign | 6th August,1471,3782,2.57104011,Link clicks,591,0.71409956,422.0328421,111.5898578,591,0.71409956,15.62665256,8/1/2024,9/5/2024,
35-44,male,For Website Animated Inspection Image Campaign | 01 September,13964,18585,1.33092237,Link clicks,132,3.18154426,419.9638428,22.59692455,132,3.18154426,0.7102502,8/1/2024,9/5/2024,image
45-54,male,Creative Change Inspection Image Campaign | 7 August,1376,1762,1.28052326,Messaging conversations started,4,104.8415685,419.3662739,238.0058308,15,27.95775159,0.85130533,8/1/2024,9/5/2024,image
45-54,male,Price Change Creative Image Campaign | 31 August,1960,3074,1.56836735,,,,418.2418548,136.0578578,20,20.91209274,0.65061809,8/1/2024,9/5/2024,image
45-54,male,Inspection Image Campaign | 1 August,980,1295,1.32142857,Messaging conversations started,2,206.7824767,413.5649535,319.3551764,8,51.69561918,0.61776062,8/1/2024,9/5/2024,image
55-64,male,Buy a Car Campaign | 26 August,6345,10566,1.66524823,Link clicks,135,3.00257519,405.3476503,38.36339677,135,3.00257519,1.27768313,8/1/2024,9/5/2024,
35-44,male,Again Run Inspection hassan video campaign | 21 August,1528,1797,1.17604712,Messaging conversations started,6,67.26536352,403.5921811,224.5921987,12,33.63268176,0.66777963,8/1/2024,9/5/2024,video
18-24,male,Inspection Image Campaign | 1 August,1118,1632,1.45974955,Messaging conversations started,1,386.565759,386.565759,236.8662739,6,64.42762651,0.36764706,8/1/2024,9/5/2024,image
65+,male,Inspection muzammil video campaign | 10 August,878,1308,1.48974943,Messaging conversations started,7,53.45324063,374.1726844,286.0647434,12,31.18105703,0.91743119,8/1/2024,9/5/2024,video
25-34,male,Again Run Inspection hassan video campaign | 9 August,1506,1695,1.12549801,Messaging conversations started,2,186.6143971,373.2287941,220.1939788,8,46.65359927,0.4719764,8/1/2024,9/5/2024,video
35-44,female,Inspection muzammil video campaign | 10 August,638,1158,1.81504702,Messaging conversations started,2,186.2135054,372.4270107,321.6122718,7,53.20385867,0.6044905,8/1/2024,9/5/2024,video
25-34,male,Old Creative Inspection Campaign | 13 August,1137,1564,1.37554969,,,,368.7516047,235.7746833,6,61.45860078,0.38363171,8/1/2024,9/5/2024,image
45-54,male,Laiba Animated Inspection Image Campaign | 22th August,799,1265,1.58322904,Messaging conversations started,2,174.5206414,349.0412828,275.9219627,10,34.90412828,0.79051383,8/1/2024,9/5/2024,image
45-54,male,Narzish Animated Inspection Image Campaign | 22th August,818,1620,1.9804401,Messaging conversations started,1,342.5417866,342.5417866,211.4455473,9,38.06019851,0.55555556,8/1/2024,9/5/2024,image
25-34,male,Car Insurance Shehzad Video Campaign | 9 July,728,940,1.29120879,Messaging conversations started,2,171.141245,342.28249,364.1303085,4,85.5706225,0.42553191,8/1/2024,9/5/2024,
25-34,male,Laiba Inspection Image Campaign | 7 August,1214,1387,1.14250412,Messaging conversations started,2,169.7843047,339.5686093,244.8223571,8,42.44607617,0.57678443,8/1/2024,9/5/2024,image
35-44,male,Car Insurance Shehzad Video Campaign | 9 July,498,649,1.30321285,Messaging conversations started,1,335.918765,335.918765,517.5943991,5,67.183753,0.77041602,8/1/2024,9/5/2024,
18-24,male,Inspection abdullah video campaign | 20 August,1755,1944,1.10769231,,,,333.3971015,171.5005666,4,83.34927538,0.20576132,8/1/2024,9/5/2024,video
25-34,male,New Waqas Creative Inspection Image Campaign | 9 August,1084,1283,1.18357934,,,,325.6389248,253.8105416,2,162.8194624,0.15588465,8/1/2024,9/5/2024,image
25-34,female,Again Run For Narzish Inspection hassan video campaign | 21 August,910,1338,1.47032967,Messaging conversations started,6,53.73503294,322.4101976,240.9642733,9,35.82335529,0.67264574,8/1/2024,9/5/2024,video
65+,male,Inspection Boss video campaign | 2 August,719,1191,1.65646732,Messaging conversations started,3,106.1622019,318.4866057,267.4110879,10,31.84866057,0.83963056,8/1/2024,9/5/2024,video
25-34,male,Car Insurance Shehzad Video Campaign | 9 July,719,954,1.32684284,Messaging conversations started,2,156.8041747,313.6083494,328.729926,4,78.40208734,0.41928721,8/1/2024,9/5/2024,
45-54,male,Creative Change Still Inspection Campaign For Narzish | 03 September,1178,1364,1.15789474,Messaging conversations started,1,309.8505148,309.8505148,227.163134,9,34.42783498,0.65982405,8/1/2024,9/5/2024,image
55-64,female,Sale my car video campaign | 6th August,1247,2413,1.93504411,Link clicks,417,0.72744643,303.3451622,125.7128729,417,0.72744643,17.28139246,8/1/2024,9/5/2024,
35-44,male,Old Creative Inspection Campaign | 13 August,759,1013,1.33465086,,,,302.7368305,298.8517577,9,33.63742561,0.88845015,8/1/2024,9/5/2024,image
55-64,male,Hafta Bazaar Tauqeer Video Campaign | 19 August,14934,24417,1.63499397,Reach,14934,20.12052546,300.4799273,12.30617714,11,27.31635702,0.04505058,8/1/2024,9/5/2024,
18-24,male,Creative Change Still Inspection Campaign For Narzish | 03 September,1286,1608,1.2503888,Messaging conversations started,1,294.4697044,294.4697044,183.1279257,7,42.06710063,0.43532338,8/1/2024,9/5/2024,image
25-34,male,Car Insurance Shehzad Video Campaign | 9 July,710,859,1.20985915,,,,291.0341382,338.8057488,5,58.20682764,0.58207218,8/1/2024,9/5/2024,
18-24,male,Change The Creative Inspection Image Campaign | 10 August,707,1072,1.51626591,Messaging conversations started,2,143.4625405,286.925081,267.6539935,7,40.98929729,0.65298507,8/1/2024,9/5/2024,image
45-54,male,Inspection Image Campaign | 3 August,1644,2009,1.22201946,Messaging conversations started,8,35.4970492,283.9763936,141.3521123,31,9.16052883,1.54305625,8/1/2024,9/5/2024,image
25-34,female,Hafta Bazaar Tauqeer Video Campaign | 19 August,16721,22160,1.32527959,Reach,16721,16.73275907,279.7884644,12.62583323,4,69.94711611,0.01805054,8/1/2024,9/5/2024,
25-34,female,1st Bidding Image Campaign | 17th August,5849,8320,1.42246538,Link clicks,110,2.53745196,279.1197158,33.54804276,110,2.53745196,1.32211538,8/1/2024,9/5/2024,
35-44,female,Again Run For Narzish Inspection hassan video campaign | 21 August,558,998,1.78853047,Messaging conversations started,1,276.484069,276.484069,277.0381453,2,138.2420345,0.2004008,8/1/2024,9/5/2024,video
35-44,male,Again Run Inspection hassan video campaign | 9 August,998,1113,1.11523046,Messaging conversations started,1,275.2944211,275.2944211,247.3444933,4,68.82360527,0.35938904,8/1/2024,9/5/2024,video
55-64,male,Buy a Car Campaign | 26 August,7666,9630,1.25619619,Link clicks,79,3.43653143,271.4859833,28.19169089,79,3.43653143,0.82035306,8/1/2024,9/5/2024,
18-24,female,Inspection muzammil video campaign | 10 August,638,1091,1.71003135,Messaging conversations started,4,67.64734895,270.5893958,248.0196112,5,54.11787916,0.45829514,8/1/2024,9/5/2024,video
18-24,female,New Creative Inspection Image Campaign | 17th August,796,1175,1.47613065,Messaging conversations started,8,33.82318866,270.5855093,230.2855398,22,12.29934133,1.87234043,8/1/2024,9/5/2024,image
65+,female,Sale my car video campaign | 6th August,1119,2306,2.06076854,Link clicks,387,0.69639737,269.5057816,116.8715445,387,0.69639737,16.78230703,8/1/2024,9/5/2024,
25-34,female,Inspection Boss video campaign | 2 August,463,982,2.12095032,Messaging conversations started,1,266.0942215,266.0942215,270.9717124,6,44.34903692,0.61099796,8/1/2024,9/5/2024,video
55-64,male,Narzish Old Inspection Image Campaign | 23th August,931,1297,1.39312567,,,,264.453781,203.8965158,19,13.91862005,1.46491904,8/1/2024,9/5/2024,image
45-54,male,Creative Change Inspection Image Campaign | 20th August,740,976,1.31891892,Messaging conversations started,2,131.7106103,263.4212206,269.8987916,11,23.94738369,1.12704918,8/1/2024,9/5/2024,image
35-44,male,Car Insurance Shehzad Video Campaign | 9 July,485,679,1.4,Messaging conversations started,1,262.2900751,262.2900751,386.2887704,4,65.57251878,0.58910162,8/1/2024,9/5/2024,
45-54,male,New Creative Inspection Image Campaign | 17th August,999,1352,1.35335335,Messaging conversations started,5,52.05805088,260.2902544,192.5223775,15,17.35268363,1.10946746,8/1/2024,9/5/2024,image
35-44,female,Inspection Boss video campaign | 2 August,527,819,1.5540797,Messaging conversations started,1,251.6411501,251.6411501,307.2541515,2,125.820575,0.24420024,8/1/2024,9/5/2024,video
65+,male,Buy a Car Campaign | 26 August,3324,5367,1.61462094,Link clicks,86,2.90617363,249.9309324,46.56808877,86,2.90617363,1.60238495,8/1/2024,9/5/2024,
18-24,female,1st Bidding Image Campaign | 17th August,5022,7796,1.55236957,Link clicks,104,2.38451442,247.9894992,31.80983828,104,2.38451442,1.33401744,8/1/2024,9/5/2024,image
25-34,female,Narzish Old Inspection Image Campaign | 23th August,462,834,1.80519481,Messaging conversations started,2,123.3151168,246.6302336,295.7197046,7,35.23289051,0.83932854,8/1/2024,9/5/2024,image
65+,male,Laiba Old Inspection Image Campaign | 23th August,216,469,2.1712963,Messaging conversations started,2,121.5483111,243.0966223,518.3296851,8,30.38707779,1.70575693,8/1/2024,9/5/2024,image
45-54,male,For Website Animated Inspection Image Campaign | 01 September,7691,10338,1.34416851,Link clicks,67,3.61309164,242.0771397,23.4162449,67,3.61309164,0.64809441,8/1/2024,9/5/2024,image
25-34,male,Animation Bidding Video Website Traffic Campaign | 4 September,2452,2697,1.09991843,Link clicks,196,1.23067434,241.2121712,89.43721586,196,1.23067434,7.26733407,8/1/2024,9/5/2024,
25-34,male,Change The Creative Inspection Image Campaign | 10 August,731,854,1.16826265,Messaging conversations started,1,238.9932333,238.9932333,279.8515612,6,39.83220555,0.70257611,8/1/2024,9/5/2024,image
65+,male,Inspection hassan video campaign | 1 August,287,452,1.57491289,Messaging conversations started,2,116.9830918,233.9661836,517.6243,3,77.98872787,0.66371681,8/1/2024,9/5/2024,video
18-24,male,Animation Bidding Video Website Traffic Campaign | 4 September,2285,2423,1.06039387,Link clicks,159,1.44316478,229.4631999,94.70210479,159,1.44316478,6.56211308,8/1/2024,9/5/2024,
35-44,male,New Waqas Creative Inspection Image Campaign | 9 August,743,858,1.15477793,,,,225.092268,262.3453007,6,37.515378,0.6993007,8/1/2024,9/5/2024,image
45-54,male,Number Change Laiba Inspection Image Campaign | 7 August,722,882,1.22160665,Messaging conversations started,2,105.5143104,211.0286208,239.2614749,7,30.14694583,0.79365079,8/1/2024,9/5/2024,image
18-24,male,Car Insurance Shehzad Video Campaign | 9 July,656,770,1.17378049,,,,199.2290107,258.7389749,1,199.2290107,0.12987013,8/1/2024,9/5/2024,
45-54,female,Inspection muzammil video campaign | 10 August,239,472,1.9748954,Messaging conversations started,2,99.48843689,198.9768738,421.5611733,3,66.32562459,0.63559322,8/1/2024,9/5/2024,video
45-54,male,Price Change Creative Image Campaign | 31 August,1084,1434,1.32287823,,,,195.4066516,136.2668421,6,32.56777526,0.41841004,8/1/2024,9/5/2024,image
18-24,female,Narzish Old Inspection Image Campaign | 23th August,517,758,1.46615087,Messaging conversations started,2,97.15570982,194.3114197,256.3475193,7,27.75877424,0.92348285,8/1/2024,9/5/2024,image
35-44,male,Laiba Inspection Image Campaign | 7 August,676,792,1.17159763,Messaging conversations started,3,62.35826425,187.0747927,236.2055464,6,31.17913212,0.75757576,8/1/2024,9/5/2024,image
65+,male,Again Run For Narzish Inspection hassan video campaign | 21 August,670,864,1.28955224,Messaging conversations started,2,92.35578956,184.7115791,213.7865499,2,92.35578956,0.23148148,8/1/2024,9/5/2024,video
45-54,male,Car Insurance Shehzad Video Campaign | 9 July,262,384,1.46564885,,,,182.8675106,476.2174755,,,,8/1/2024,9/5/2024,
25-34,female,New Creative Inspection Image Campaign | 17th August,557,714,1.28186715,Messaging conversations started,8,22.38001777,179.0401422,250.7565017,11,16.27637656,1.54061625,8/1/2024,9/5/2024,image
18-24,male,Car Insurance Shehzad Video Campaign | 9 July,458,550,1.20087336,Messaging conversations started,1,175.3970486,175.3970486,318.9037246,3,58.46568285,0.54545455,8/1/2024,9/5/2024,
25-34,female,Laiba Old Inspection Image Campaign | 23th August,247,377,1.52631579,Messaging conversations started,1,172.9321152,172.9321152,458.7058758,7,24.70458788,1.85676393,8/1/2024,9/5/2024,image
18-24,male,Laiba Inspection Image Campaign | 7 August,650,728,1.12,Messaging conversations started,1,169.060331,169.060331,232.2257294,5,33.8120662,0.68681319,8/1/2024,9/5/2024,image
35-44,male,Car Insurance Shehzad Video Campaign | 9 July,326,417,1.2791411,,,,167.8516898,402.5220378,1,167.8516898,0.23980815,8/1/2024,9/5/2024,
45-54,male,Inspection abdullah video campaign | 20 August,612,683,1.11601307,,,,166.2737711,243.4462241,2,83.13688553,0.29282577,8/1/2024,9/5/2024,video
45-54,male,Change The Creative Inspection Image Campaign | 10 August,349,565,1.61891117,Messaging conversations started,1,164.853278,164.853278,291.7757133,8,20.60665975,1.4159292,8/1/2024,9/5/2024,image
25-34,male,New White Creative Inspection Image Campaign | 4 September,1018,1104,1.08447937,,,,164.4467151,148.9553579,7,23.49238787,0.63405797,8/1/2024,9/5/2024,image
45-54,male,Again Run Inspection hassan video campaign | 21 August,571,686,1.20140105,Messaging conversations started,1,164.2675934,164.2675934,239.4571332,3,54.75586446,0.43731778,8/1/2024,9/5/2024,video
65+,male,Buy a Car Campaign | 26 August,3482,4816,1.38311315,Link clicks,37,4.35208595,161.0271802,33.43587628,37,4.35208595,0.76827243,8/1/2024,9/5/2024,
18-24,male,Car Insurance Shehzad Video Campaign | 9 July,321,433,1.34890966,Messaging conversations started,1,160.5617263,160.5617263,370.8123009,2,80.28086314,0.46189376,8/1/2024,9/5/2024,
25-34,female,Inspection hassan video campaign | 1 August,212,384,1.81132075,Messaging conversations started,1,154.3223639,154.3223639,401.8811559,1,154.3223639,0.26041667,8/1/2024,9/5/2024,video
35-44,male,Change The Creative Inspection Image Campaign | 10 August,474,552,1.16455696,Messaging conversations started,2,76.16317271,152.3263454,275.9535243,6,25.38772424,1.08695652,8/1/2024,9/5/2024,image
55-64,male,Narzish Animated Inspection Image Campaign | 22th August,371,607,1.6361186,Messaging conversations started,1,143.5081564,143.5081564,236.4220039,7,20.5011652,1.15321252,8/1/2024,9/5/2024,image
55-64,male,Price Change Creative Image Campaign | 31 August,558,842,1.50896057,,,,142.7201982,169.501423,3,47.57339939,0.35629454,8/1/2024,9/5/2024,image
35-44,male,New White Creative Inspection Image Campaign | 4 September,656,730,1.11280488,Messaging conversations started,2,71.2371282,142.4742564,195.1702142,4,35.6185641,0.54794521,8/1/2024,9/5/2024,image
18-24,female,Again Run For Narzish Inspection hassan video campaign | 21 August,527,797,1.51233397,Messaging conversations started,1,138.4763515,138.4763515,173.7469905,4,34.61908787,0.50188206,8/1/2024,9/5/2024,video
45-54,male,Car Insurance Shehzad Video Campaign | 9 July,213,277,1.30046948,Messaging conversations started,1,136.3855161,136.3855161,492.3664842,,,,8/1/2024,9/5/2024,
18-24,male,Again Run Inspection hassan video campaign | 9 August,587,631,1.07495741,Messaging conversations started,1,132.5358549,132.5358549,210.0409745,4,33.13396372,0.63391442,8/1/2024,9/5/2024,video
45-54,female,Again Run For Narzish Inspection hassan video campaign | 21 August,207,417,2.01449275,Messaging conversations started,3,43.94191251,131.8257375,316.128867,6,21.97095625,1.43884892,8/1/2024,9/5/2024,video
18-24,male,Old Creative Inspection Campaign | 13 August,482,639,1.32572614,,,,130.6766235,204.5017582,1,130.6766235,0.15649452,8/1/2024,9/5/2024,video
25-34,female,Buy a Car Campaign | 26 August,1295,2121,1.63783784,Link clicks,39,3.34954679,130.6323248,61.58996927,39,3.34954679,1.8387553,8/1/2024,9/5/2024,
35-44,female,Hafta Bazaar Tauqeer Video Campaign | 19 August,9318,10337,1.10935823,Reach,9318,14.01272904,130.5706092,12.6313833,3,43.5235364,0.02902196,8/1/2024,9/5/2024,
35-44,female,1st Bidding Image Campaign | 17th August,2098,3742,1.78360343,Link clicks,51,2.54182609,129.6331307,34.64273936,51,2.54182609,1.36290754,8/1/2024,9/5/2024,
55-64,male,For Website Animated Inspection Image Campaign | 01 September,4347,4831,1.11134115,Link clicks,29,4.19947376,121.7847389,25.2090124,29,4.19947376,0.6002898,8/1/2024,9/5/2024,image
35-44,female,Inspection hassan video campaign | 1 August,176,254,1.44318182,,,,118.9073854,468.1393126,1,118.9073854,0.39370079,8/1/2024,9/5/2024,video
18-24,female,Laiba Old Inspection Image Campaign | 23th August,267,462,1.73033708,Messaging conversations started,3,39.50681759,118.5204528,256.5377766,7,16.93149325,1.51515152,8/1/2024,9/5/2024,image
18-24,male,Again Run Inspection hassan video campaign | 21 August,656,731,1.11432927,,,,114.7150156,156.9288859,3,38.23833852,0.41039672,8/1/2024,9/5/2024,video
18-24,male,New Waqas Creative Inspection Image Campaign | 9 August,479,558,1.16492693,,,,114.0099707,204.3189438,2,57.00498533,0.35842294,8/1/2024,9/5/2024,image
55-64,male,Creative Change Still Inspection Campaign For Narzish | 03 September,319,407,1.27586207,,,,113.0519487,277.7689158,10,11.30519487,2.45700246,8/1/2024,9/5/2024,image
65+,male,Hafta Bazaar Tauqeer Video Campaign | 19 August,6510,9080,1.39477727,Reach,6510,17.11287714,111.4048302,12.26925442,2,55.70241508,0.02202643,8/1/2024,9/5/2024,
65+,male,Narzish Old Inspection Image Campaign | 23th August,247,406,1.6437247,Messaging conversations started,1,110.9925417,110.9925417,273.3806446,6,18.49875695,1.47783251,8/1/2024,9/5/2024,image
45-54,male,Again Run Inspection hassan video campaign | 9 August,339,368,1.08554572,,,,109.5147882,297.5945332,2,54.7573941,0.54347826,8/1/2024,9/5/2024,video
18-24,female,Buy a Car Campaign | 26 August,1087,2057,1.89236431,Link clicks,26,4.12177069,107.1660381,52.09821977,26,4.12177069,1.26397667,8/1/2024,9/5/2024,
25-34,female,Buy a Car Campaign | 26 August,2460,3726,1.51463415,Link clicks,26,4.09387886,106.4408504,28.56705594,26,4.09387886,0.69779925,8/1/2024,9/5/2024,
35-44,female,Narzish Old Inspection Image Campaign | 23th August,286,430,1.5034965,Messaging conversations started,1,104.6177688,104.6177688,243.2971367,2,52.30888439,0.46511628,8/1/2024,9/5/2024,image
55-64,male,Creative Change Inspection Image Campaign | 20th August,283,345,1.21908127,,,,101.2905567,293.5958166,2,50.64527837,0.57971014,8/1/2024,9/5/2024,image
35-44,female,Laiba Old Inspection Image Campaign | 23th August,136,189,1.38970588,,,,100.2734908,530.5475704,,,,8/1/2024,9/5/2024,image
18-24,female,Buy a Car Campaign | 26 August,2619,3434,1.31118748,Link clicks,38,2.63158321,100.000162,29.1206063,38,2.63158321,1.10658125,8/1/2024,9/5/2024,
35-44,male,Animation Bidding Video Website Traffic Campaign | 4 September,952,1082,1.13655462,Link clicks,62,1.61114184,99.89079414,92.32051215,62,1.61114184,5.73012939,8/1/2024,9/5/2024,
55-64,male,New Creative Inspection Image Campaign | 17th August,306,448,1.46405229,Messaging conversations started,1,97.19435466,97.19435466,216.9516845,4,24.29858866,0.89285714,8/1/2024,9/5/2024,image
18-24,male,New White Creative Inspection Image Campaign | 4 September,494,549,1.11133603,,,,95.04227617,173.1189001,5,19.00845523,0.91074681,8/1/2024,9/5/2024,image
18-24,female,Inspection Boss video campaign | 2 August,208,512,2.46153846,Messaging conversations started,1,94.90317935,94.90317935,185.3577722,4,23.72579484,0.78125,8/1/2024,9/5/2024,image
55-64,male,Laiba Animated Inspection Image Campaign | 22th August,258,352,1.36434109,,,,94.19762598,267.606892,2,47.09881299,0.56818182,8/1/2024,9/5/2024,video
18-24,female,Inspection hassan video campaign | 1 August,152,277,1.82236842,Messaging conversations started,2,46.18304622,92.36609243,333.4515972,4,23.09152311,1.44404332,8/1/2024,9/5/2024,image
45-54,male,Old Creative Inspection Campaign | 13 August,297,389,1.30976431,,,,91.38211504,234.9154628,2,45.69105752,0.51413882,8/1/2024,9/5/2024,image
45-54,male,New Waqas Creative Inspection Image Campaign | 9 August,238,295,1.2394958,Messaging conversations started,1,90.58858442,90.58858442,307.0799472,2,45.29429221,0.6779661,8/1/2024,9/5/2024,image
45-54,female,Laiba Old Inspection Image Campaign | 23th August,48,82,1.70833333,,,,89.79819827,1095.099979,1,89.79819827,1.2195122,8/1/2024,9/5/2024,image
45-54,female,Inspection Boss video campaign | 2 August,128,294,2.296875,,,,85.47075356,290.7168488,2,42.73537678,0.68027211,8/1/2024,9/5/2024,video
55-64,female,Inspection muzammil video campaign | 10 August,80,159,1.9875,Messaging conversations started,2,41.93108181,83.86216363,527.4349914,2,41.93108181,1.25786164,8/1/2024,9/5/2024,video
18-24,male,Change The Creative Inspection Image Campaign | 10 August,322,380,1.18012422,,,,82.17171733,216.2413614,1,82.17171733,0.26315789,8/1/2024,9/5/2024,image
45-54,male,Car Insurance Shehzad Video Campaign | 9 July,117,145,1.23931624,,,,80.00118318,551.7322978,,,,8/1/2024,9/5/2024,
65+,male,For Website Animated Inspection Image Campaign | 01 September,1958,2553,1.30388151,Link clicks,29,2.74075613,79.48192789,31.13275671,29,2.74075613,1.13591853,8/1/2024,9/5/2024,image
25-34,female,Price Change Creative Image Campaign | 31 August,215,281,1.30697674,,,,78.55243149,279.5460195,3,26.18414383,1.06761566,8/1/2024,9/5/2024,image
45-54,male,Laiba Inspection Image Campaign | 7 August,249,280,1.12449799,Messaging conversations started,2,38.15091522,76.30183043,272.5065373,6,12.71697174,2.14285714,8/1/2024,9/5/2024,image
45-54,male,Change The Creative Inspection Image Campaign | 10 August,192,222,1.15625,,,,71.44324366,321.8164129,1,71.44324366,0.45045045,8/1/2024,9/5/2024,image
35-44,female,New Creative Inspection Image Campaign | 17th August,175,270,1.54285714,,,,67.29145412,249.2276079,1,67.29145412,0.37037037,8/1/2024,9/5/2024,image
65+,male,Narzish Animated Inspection Image Campaign | 22th August,134,250,1.86567164,,,,67.27911412,269.1164565,3,22.42637137,1.2,8/1/2024,9/5/2024,image
45-54,female,Hafta Bazaar Tauqeer Video Campaign | 19 August,3574,5343,1.49496363,Reach,3574,18.55411273,66.31239891,12.41107971,,,,8/1/2024,9/5/2024,
65+,female,1st Bidding Image Campaign | 17th August,699,1587,2.27038627,Link clicks,26,2.53933318,66.02266269,41.60218191,26,2.53933318,1.63831128,8/1/2024,9/5/2024,
45-54,female,Inspection hassan video campaign | 1 August,120,122,1.01666667,Messaging conversations started,1,65.04710568,65.04710568,533.1729974,1,65.04710568,0.81967213,8/1/2024,9/5/2024,video
45-54,female,1st Bidding Image Campaign | 17th August,890,1738,1.95280899,Link clicks,23,2.76955689,63.69980852,36.65121319,23,2.76955689,1.32336018,8/1/2024,9/5/2024,image
55-64,female,1st Bidding Image Campaign | 17th August,1081,1397,1.29232192,Link clicks,12,5.02540565,60.30486782,43.16740717,12,5.02540565,0.85898354,8/1/2024,9/5/2024,image
55-64,male,Car Insurance Shehzad Video Campaign | 9 July,95,125,1.31578947,,,,58.87329832,470.9863865,1,58.87329832,0.8,8/1/2024,9/5/2024,
55-64,male,Car Insurance Shehzad Video Campaign | 9 July,64,85,1.328125,,,,57.2635349,673.6886459,,,,8/1/2024,9/5/2024,
35-44,female,Buy a Car Campaign | 26 August,1182,1801,1.52368866,Link clicks,23,2.4487447,56.32112815,31.27214222,23,2.4487447,1.2770683,8/1/2024,9/5/2024,
65+,male,Laiba Animated Inspection Image Campaign | 22th August,110,158,1.43636364,,,,54.85961136,347.2127301,2,27.42980568,1.26582278,8/1/2024,9/5/2024,image
45-54,female,Narzish Old Inspection Image Campaign | 23th August,103,169,1.6407767,Messaging conversations started,1,53.95719017,53.95719017,319.2733146,2,26.97859508,1.18343195,8/1/2024,9/5/2024,image
65+,male,Price Change Creative Image Campaign | 31 August,199,313,1.57286432,,,,53.8004407,171.886392,1,53.8004407,0.31948882,8/1/2024,9/5/2024,image
18-24,female,Laiba Animated Inspection Image Campaign | 22th August,92,133,1.44565217,,,,53.14275307,399.569572,1,53.14275307,0.7518797,8/1/2024,9/5/2024,image
18-24,female,Price Change Creative Image Campaign | 31 August,159,232,1.4591195,,,,52.27524755,225.3243429,3,17.42508252,1.29310345,8/1/2024,9/5/2024,image
55-64,female,Buy a Car Campaign | 26 August,815,995,1.2208589,Link clicks,12,4.32794884,51.93538613,52.19636797,12,4.32794884,1.20603015,8/1/2024,9/5/2024,
35-44,female,Price Change Creative Image Campaign | 31 August,104,181,1.74038462,,,,51.35813795,283.7466185,1,51.35813795,0.55248619,8/1/2024,9/5/2024,image
35-44,female,Buy a Car Campaign | 26 August,527,959,1.81973435,Link clicks,9,5.24357783,47.19220051,49.20980241,9,5.24357783,0.93847758,8/1/2024,9/5/2024,
25-34,female,Creative Change Inspection Image Campaign | 20th August,110,124,1.12727273,Messaging conversations started,1,47.06762097,47.06762097,379.5775884,2,23.53381048,1.61290323,8/1/2024,9/5/2024,image
65+,male,New Creative Inspection Image Campaign | 17th August,147,258,1.75510204,Messaging conversations started,1,47.0384936,47.0384936,182.3197427,4,11.7596234,1.5503876,8/1/2024,9/5/2024,image
25-34,female,Laiba Animated Inspection Image Campaign | 22th August,126,129,1.02380952,,,,46.60471715,361.2768771,1,46.60471715,0.7751938,8/1/2024,9/5/2024,image
25-34,female,For Website Animated Inspection Image Campaign | 01 September,1242,1635,1.31642512,Link clicks,16,2.8833216,46.13314553,28.21599115,16,2.8833216,0.97859327,8/1/2024,9/5/2024,image
65+,male,Creative Change Inspection Image Campaign | 20th August,130,147,1.13076923,Messaging conversations started,1,45.65250299,45.65250299,310.5612449,3,15.217501,2.04081633,8/1/2024,9/5/2024,image
45-54,male,Animation Bidding Video Website Traffic Campaign | 4 September,431,487,1.12993039,Link clicks,28,1.60831484,45.03281552,92.46984706,28,1.60831484,5.74948665,8/1/2024,9/5/2024,
65+,female,Buy a Car Campaign | 26 August,655,814,1.24274809,Link clicks,17,2.62563959,44.6358731,54.83522494,17,2.62563959,2.08845209,8/1/2024,9/5/2024,
35-44,male,Again Run For Laiba Inspection hassan video campaign | 22 August,148,155,1.0472973,,,,44.59,287.6774194,,,,8/1/2024,9/5/2024,video
55-64,male,Price Change Creative Image Campaign | 31 August,287,382,1.33101045,,,,42.62148654,111.5745721,2,21.31074327,0.52356021,8/1/2024,9/5/2024,image
25-34,male,Again Run For Laiba Inspection hassan video campaign | 22 August,182,183,1.00549451,,,,42.19,230.5464481,1,42.19,0.54644809,8/1/2024,9/5/2024,video
65+,male,Car Insurance Shehzad Video Campaign | 9 July,53,69,1.30188679,Messaging conversations started,1,40.78914565,40.78914565,591.1470385,1,40.78914565,1.44927536,8/1/2024,9/5/2024,
55-64,male,Again Run Change The Creative Inspection Image Campaign | 15 August,72,113,1.56944444,,,,39.43754268,349.0048024,,,,8/1/2024,9/5/2024,image
55-64,male,Car Insurance Shehzad Video Campaign | 9 July,53,72,1.35849057,,,,38.17807056,530.25098,,,,8/1/2024,9/5/2024,
25-34,female,Narzish Animated Inspection Image Campaign | 22th August,74,165,2.22972973,,,,36.92718395,223.8011148,,,,8/1/2024,9/5/2024,image
45-54,male,New White Creative Inspection Image Campaign | 4 September,219,229,1.0456621,,,,36.57453446,159.7141243,1,36.57453446,0.43668122,8/1/2024,9/5/2024,image
18-24,female,Creative Change Inspection Image Campaign | 20th August,134,143,1.06716418,,,,36.35457999,254.2278321,,,,8/1/2024,9/5/2024,image
18-24,female,Narzish Animated Inspection Image Campaign | 22th August,40,89,2.225,,,,35.49040619,398.7686089,,,,8/1/2024,9/5/2024,image
55-64,female,Inspection Boss video campaign | 2 August,112,124,1.10714286,,,,34.98481738,282.135624,,,,8/1/2024,9/5/2024,video
65+,female,Inspection muzammil video campaign | 10 August,80,98,1.225,,,,34.64414111,353.5116439,,,,8/1/2024,9/5/2024,video
55-64,female,Buy a Car Campaign | 26 August,511,766,1.49902153,Link clicks,9,3.84181413,34.57632721,45.13880837,9,3.84181413,1.17493473,8/1/2024,9/5/2024,
65+,male,Car Insurance Shehzad Video Campaign | 9 July,23,32,1.39130435,,,,34.17630023,1068.009382,,,,8/1/2024,9/5/2024,
55-64,female,Hafta Bazaar Tauqeer Video Campaign | 19 August,2723,2723,1,Reach,2723,12.53889335,34.14340659,12.53889335,,,,8/1/2024,9/5/2024,
45-54,female,Buy a Car Campaign | 26 August,655,788,1.20305344,Link clicks,5,6.71035945,33.55179723,42.57842288,5,6.71035945,0.63451777,8/1/2024,9/5/2024,
18-24,female,For Website Animated Inspection Image Campaign | 01 September,1258,1378,1.09538951,Link clicks,11,3.03894307,33.42837373,24.25861664,11,3.03894307,0.79825835,8/1/2024,9/5/2024,image
65+,male,Creative Change Still Inspection Campaign For Narzish | 03 September,96,120,1.25,,,,33.01587703,275.1323086,1,33.01587703,0.83333333,8/1/2024,9/5/2024,image
65+,female,Buy a Car Campaign | 26 August,703,812,1.15504979,Link clicks,6,5.45697129,32.74182773,40.32244794,6,5.45697129,0.73891626,8/1/2024,9/5/2024,
45-54,female,New Creative Inspection Image Campaign | 17th August,60,90,1.5,,,,32.5238719,361.3763544,1,32.5238719,1.11111111,8/1/2024,9/5/2024,image
65+,male,Price Change Creative Image Campaign | 31 August,108,181,1.67592593,,,,31.31293115,172.9996196,1,31.31293115,0.55248619,8/1/2024,9/5/2024,image
35-44,female,Car Insurance Shehzad Video Campaign | 9 July,19,36,1.89473684,Messaging conversations started,1,31.05775555,31.05775555,862.7154318,3,10.35258518,8.33333333,8/1/2024,9/5/2024,
35-44,unknown,Inspection Boss video campaign | 2 August,64,126,1.96875,,,,28.9760128,229.9683555,,,,8/1/2024,9/5/2024,video
55-64,male,Inspection abdullah video campaign | 20 August,100,101,1.01,,,,28.91500479,286.2871761,2,14.45750239,1.98019802,8/1/2024,9/5/2024,video
18-24,female,Car Insurance Shehzad Video Campaign | 9 July,18,25,1.38888889,,,,28.86154088,1154.461635,,,,8/1/2024,9/5/2024,
35-44,female,For Website Animated Inspection Image Campaign | 01 September,621,936,1.50724638,Link clicks,12,2.40100621,28.8120745,30.78213087,12,2.40100621,1.28205128,8/1/2024,9/5/2024,image
45-54,female,Buy a Car Campaign | 26 August,862,893,1.03596288,Link clicks,6,4.65437776,27.92626658,31.27241499,6,4.65437776,0.6718925,8/1/2024,9/5/2024,
25-34,female,Price Change Creative Image Campaign | 31 August,112,147,1.3125,,,,27.14452184,184.6566112,1,27.14452184,0.68027211,8/1/2024,9/5/2024,image
55-64,female,Again Run For Narzish Inspection hassan video campaign | 21 August,48,97,2.02083333,,,,27.05114786,278.877813,,,,8/1/2024,9/5/2024,video
18-24,female,Car Insurance Shehzad Video Campaign | 9 July,23,50,2.17391304,,,,26.65715881,533.1431761,,,,8/1/2024,9/5/2024,
65+,female,Inspection Boss video campaign | 2 August,16,68,4.25,,,,26.44073644,388.8343595,,,,8/1/2024,9/5/2024,video
35-44,unknown,Inspection muzammil video campaign | 10 August,96,125,1.30208333,,,,26.09532771,208.7626217,,,,8/1/2024,9/5/2024,video
25-34,female,Creative Change Still Inspection Campaign For Narzish | 03 September,64,79,1.234375,,,,25.49503979,322.7220226,,,,8/1/2024,9/5/2024,image
55-64,male,Old Creative Inspection Campaign | 13 August,74,88,1.18918919,,,,25.1882773,286.2304239,,,,8/1/2024,9/5/2024,image
25-34,female,Car Insurance Shehzad Video Campaign | 9 July,27,44,1.62962963,,,,25.17010652,572.0478754,,,,8/1/2024,9/5/2024,
55-64,male,Again Run Inspection hassan video campaign | 21 August,112,114,1.01785714,,,,25.0854938,220.0481912,1,25.0854938,0.87719298,8/1/2024,9/5/2024,video
55-64,male,Creative Change Inspection Image Campaign | 7 August,99,101,1.02020202,,,,24.48462797,242.4220591,,,,8/1/2024,9/5/2024,image
55-64,female,Inspection hassan video campaign | 1 August,52,61,1.17307692,Messaging conversations started,1,24.07859599,24.07859599,394.7310818,1,24.07859599,1.63934426,8/1/2024,9/5/2024,video
65+,female,Hafta Bazaar Tauqeer Video Campaign | 19 August,1404,1929,1.37393162,Reach,1404,16.94635989,23.79268929,12.33420907,,,,8/1/2024,9/5/2024,
55-64,male,Inspection Image Campaign | 1 August,64,80,1.25,,,,23.45455167,293.1818959,1,23.45455167,1.25,8/1/2024,9/5/2024,image
65+,female,New Creative Inspection Image Campaign | 17th August,60,92,1.53333333,Messaging conversations started,1,23.18169746,23.18169746,251.9749724,1,23.18169746,1.08695652,8/1/2024,9/5/2024,image
55-64,female,Laiba Old Inspection Image Campaign | 23th August,20,39,1.95,,,,21.69882027,556.3800069,,,,8/1/2024,9/5/2024,image
35-44,unknown,Again Run For Narzish Inspection hassan video campaign | 21 August,48,106,2.20833333,,,,20.59995263,194.3391758,,,,8/1/2024,9/5/2024,video
25-34,unknown,Inspection muzammil video campaign | 10 August,64,82,1.28125,,,,20.4792461,249.7469036,,,,8/1/2024,9/5/2024,video
35-44,female,Laiba Animated Inspection Image Campaign | 22th August,44,68,1.54545455,,,,20.27290223,298.1309152,,,,8/1/2024,9/5/2024,image
45-54,male,Again Run For Laiba Inspection hassan video campaign | 22 August,72,73,1.01388889,,,,19.3,264.3835616,1,19.3,1.36986301,8/1/2024,9/5/2024,video
35-44,female,Narzish Animated Inspection Image Campaign | 22th August,52,86,1.65384615,,,,19.1570368,222.7562418,,,,8/1/2024,9/5/2024,image
25-34,female,Car Insurance Shehzad Video Campaign | 9 July,21,29,1.38095238,,,,19.15394699,660.4809307,,,,8/1/2024,9/5/2024,
35-44,female,Creative Change Inspection Image Campaign | 20th August,58,73,1.25862069,,,,18.68553659,255.9662546,,,,8/1/2024,9/5/2024,image
65+,female,Laiba Old Inspection Image Campaign | 23th August,20,37,1.85,Messaging conversations started,1,18.61609132,18.61609132,503.1376032,2,9.30804566,5.40540541,8/1/2024,9/5/2024,image
45-54,unknown,Inspection muzammil video campaign | 10 August,16,47,2.9375,,,,18.09515461,385.0032896,,,,8/1/2024,9/5/2024,video
45-54,female,For Website Animated Inspection Image Campaign | 01 September,334,613,1.83532934,Link clicks,4,4.18600841,16.74403363,27.31489988,4,4.18600841,0.65252855,8/1/2024,9/5/2024,image
45-54,female,Laiba Animated Inspection Image Campaign | 22th August,20,24,1.2,,,,16.5896423,691.2350958,,,,8/1/2024,9/5/2024,image
65+,female,For Website Animated Inspection Image Campaign | 01 September,475,475,1,Link clicks,6,2.76248366,16.57490197,34.89453047,6,2.76248366,1.26315789,8/1/2024,9/5/2024,image
55-64,female,For Website Animated Inspection Image Campaign | 01 September,520,520,1,Link clicks,3,5.48185533,16.445566,31.62608847,3,5.48185533,0.57692308,8/1/2024,9/5/2024,image
55-64,female,Narzish Old Inspection Image Campaign | 23th August,24,50,2.08333333,,,,15.75820037,315.1640073,1,15.75820037,2,8/1/2024,9/5/2024,image
45-54,unknown,Again Run For Narzish Inspection hassan video campaign | 21 August,16,61,3.8125,,,,15.59454304,255.6482465,,,,8/1/2024,9/5/2024,video
25-34,female,Car Insurance Shehzad Video Campaign | 9 July,38,45,1.18421053,,,,15.2249873,338.3330511,,,,8/1/2024,9/5/2024,
18-24,female,Price Change Creative Image Campaign | 31 August,60,104,1.73333333,,,,14.49968213,139.4200205,1,14.49968213,0.96153846,8/1/2024,9/5/2024,image
35-44,female,Creative Change Still Inspection Campaign For Narzish | 03 September,40,56,1.4,,,,14.3634027,256.4893339,1,14.3634027,1.78571429,8/1/2024,9/5/2024,image
25-34,unknown,Inspection Boss video campaign | 2 August,61,61,1,,,,14.35325746,235.2993026,1,14.35325746,1.63934426,8/1/2024,9/5/2024,video
18-24,female,Creative Change Still Inspection Campaign For Narzish | 03 September,34,45,1.32352941,,,,14.18386016,315.1968925,,,,8/1/2024,9/5/2024,image
45-54,female,Price Change Creative Image Campaign | 31 August,32,85,2.65625,,,,14.08560732,165.7130273,1,14.08560732,1.17647059,8/1/2024,9/5/2024,image
55-64,male,Inspection Image Campaign | 3 August,32,107,3.34375,,,,12.79888015,119.6157024,,,,8/1/2024,9/5/2024,image
18-24,male,Again Run For Laiba Inspection hassan video campaign | 22 August,64,65,1.015625,,,,12.79,196.7692308,,,,8/1/2024,9/5/2024,video
25-34,unknown,Again Run For Narzish Inspection hassan video campaign | 21 August,16,61,3.8125,,,,12.78273924,209.5531023,,,,8/1/2024,9/5/2024,video
45-54,unknown,Inspection Boss video campaign | 2 August,64,67,1.046875,,,,12.4567909,185.9222522,,,,8/1/2024,9/5/2024,video
55-64,male,Again Run Inspection hassan video campaign | 9 August,49,55,1.12244898,,,,12.3291489,224.1663436,,,,8/1/2024,9/5/2024,video
45-54,unknown,Laiba Old Inspection Image Campaign | 23th August,4,16,4,,,,11.75228059,734.5175367,1,11.75228059,6.25,8/1/2024,9/5/2024,image
55-64,male,Number Change Laiba Inspection Image Campaign | 7 August,58,68,1.17241379,,,,11.50052261,169.1253326,,,,8/1/2024,9/5/2024,image
65+,female,Again Run For Narzish Inspection hassan video campaign | 21 August,32,49,1.53125,,,,11.34692454,231.5698885,,,,8/1/2024,9/5/2024,video
65+,female,Narzish Old Inspection Image Campaign | 23th August,24,46,1.91666667,Messaging conversations started,1,11.15088785,11.15088785,242.4106054,2,5.57544392,4.34782609,8/1/2024,9/5/2024,image
45-54,female,Car Insurance Shehzad Video Campaign | 9 July,9,14,1.55555556,,,,11.0790754,791.3625287,,,,8/1/2024,9/5/2024,
65+,male,Car Insurance Shehzad Video Campaign | 9 July,16,21,1.3125,,,,11.06494956,526.9023602,,,,8/1/2024,9/5/2024,
35-44,unknown,Laiba Old Inspection Image Campaign | 23th August,4,24,6,,,,10.96413953,456.839147,,,,8/1/2024,9/5/2024,image
65+,male,Again Run Inspection hassan video campaign | 9 August,14,15,1.07142857,,,,10.01306587,667.5377245,,,,8/1/2024,9/5/2024,video
18-24,unknown,Sale my car video campaign | 6th August,64,100,1.5625,Link clicks,12,0.83116021,9.97392257,99.73922575,12,0.83116021,12,8/1/2024,9/5/2024,
18-24,unknown,Inspection muzammil video campaign | 10 August,48,59,1.22916667,,,,9.83562428,166.7054963,,,,8/1/2024,9/5/2024,video
18-24,unknown,Again Run For Narzish Inspection hassan video campaign | 21 August,48,63,1.3125,,,,9.69174925,153.8372897,1,9.69174925,1.58730159,8/1/2024,9/5/2024,video
55-64,unknown,Inspection Boss video campaign | 2 August,28,28,1,,,,9.66199807,345.0713595,,,,8/1/2024,9/5/2024,video
55-64,female,New Creative Inspection Image Campaign | 17th August,8,45,5.625,,,,9.27267898,206.059533,3,3.09089299,6.66666667,8/1/2024,9/5/2024,image
45-54,female,Narzish Animated Inspection Image Campaign | 22th August,22,43,1.95454545,,,,8.979861,208.8339767,,,,8/1/2024,9/5/2024,image
25-34,unknown,Sale my car video campaign | 6th August,32,107,3.34375,Link clicks,9,0.9949493,8.95454371,83.68732443,9,0.9949493,8.41121495,8/1/2024,9/5/2024,
65+,female,Inspection hassan video campaign | 1 August,20,22,1.1,,,,8.88365591,403.8025414,,,,8/1/2024,9/5/2024,video
65+,male,Inspection abdullah video campaign | 20 August,38,38,1,,,,8.86540244,233.3000641,,,,8/1/2024,9/5/2024,video
35-44,female,Inspection abdullah video campaign | 20 August,20,21,1.05,,,,8.77544909,417.8785279,,,,8/1/2024,9/5/2024,video
35-44,female,Price Change Creative Image Campaign | 31 August,32,51,1.59375,,,,8.43654132,165.4223789,1,8.43654132,1.96078431,8/1/2024,9/5/2024,image
65+,female,Laiba Animated Inspection Image Campaign | 22th August,8,10,1.25,,,,8.09518647,809.5186465,1,8.09518647,10,8/1/2024,9/5/2024,image
45-54,female,Creative Change Still Inspection Campaign For Narzish | 03 September,14,20,1.42857143,,,,7.96969358,398.484679,,,,8/1/2024,9/5/2024,image
25-34,female,Inspection abdullah video campaign | 20 August,24,27,1.125,,,,7.79595705,288.7391499,,,,8/1/2024,9/5/2024,video
45-54,female,Creative Change Inspection Image Campaign | 20th August,20,20,1,,,,7.68349265,384.1746323,1,7.68349265,5,8/1/2024,9/5/2024,image
18-24,unknown,Hafta Bazaar Tauqeer Video Campaign | 19 August,597,597,1,Reach,597,12.64429566,7.54864451,12.64429566,,,,8/1/2024,9/5/2024,
18-24,unknown,New Creative Inspection Image Campaign | 17th August,8,26,3.25,,,,7.42608552,285.618674,,,,8/1/2024,9/5/2024,image
55-64,male,Change The Creative Inspection Image Campaign | 10 August,26,33,1.26923077,,,,7.35961038,223.0184963,,,,8/1/2024,9/5/2024,image
55-64,unknown,Inspection muzammil video campaign | 10 August,0,14,0,,,,7.3118789,522.2770645,,,,8/1/2024,9/5/2024,video
35-44,unknown,Narzish Old Inspection Image Campaign | 23th August,8,29,3.625,,,,7.26843268,250.6356098,,,,8/1/2024,9/5/2024,image
65+,female,Car Insurance Shehzad Video Campaign | 9 July,3,3,1,,,,6.91318321,2304.394403,,,,8/1/2024,9/5/2024,
35-44,female,Car Insurance Shehzad Video Campaign | 9 July,13,15,1.15384615,,,,6.86638909,457.7592727,,,,8/1/2024,9/5/2024,
65+,male,Again Run Inspection hassan video campaign | 21 August,22,22,1,,,,6.83243072,310.5650326,1,6.83243072,4.54545455,8/1/2024,9/5/2024,video
55-64,unknown,Inspection hassan video campaign | 1 August,4,10,2.5,,,,6.78986496,678.9864955,,,,8/1/2024,9/5/2024,video
25-34,unknown,Narzish Old Inspection Image Campaign | 23th August,17,17,1,,,,6.74216638,396.5980225,,,,8/1/2024,9/5/2024,image
25-34,unknown,Inspection hassan video campaign | 1 August,8,18,2.25,,,,6.58048586,365.5825478,,,,8/1/2024,9/5/2024,video
55-64,male,Animation Bidding Video Website Traffic Campaign | 4 September,65,67,1.03076923,Link clicks,5,1.24654917,6.23274583,93.02605712,5,1.24654917,7.46268657,8/1/2024,9/5/2024,
35-44,unknown,1st Bidding Image Campaign | 17th August,127,149,1.17322835,Link clicks,3,2.07137708,6.21413124,41.70557876,3,2.07137708,2.01342282,8/1/2024,9/5/2024,
35-44,female,Again Run Inspection hassan video campaign | 21 August,14,21,1.5,,,,5.87489298,279.7568086,,,,8/1/2024,9/5/2024,video
35-44,female,Old Creative Inspection Campaign | 13 August,7,11,1.57142857,,,,5.71013869,519.1035176,,,,8/1/2024,9/5/2024,image
55-64,male,Again Run For Laiba Inspection hassan video campaign | 22 August,21,22,1.04761905,,,,5.65,256.8181818,,,,8/1/2024,9/5/2024,video
35-44,female,Car Insurance Shehzad Video Campaign | 9 July,12,13,1.08333333,,,,5.55452292,427.2709942,,,,8/1/2024,9/5/2024,
45-54,unknown,Sale my car video campaign | 6th August,0,45,0,Link clicks,10,0.54966507,5.49665072,122.1477937,10,0.54966507,22.22222222,8/1/2024,9/5/2024,
65+,unknown,Inspection Boss video campaign | 2 August,0,8,0,,,,5.24023655,655.0295693,,,,8/1/2024,9/5/2024,video
55-64,female,Creative Change Inspection Image Campaign | 20th August,12,14,1.16666667,Messaging conversations started,1,5.20205339,5.20205339,371.5752419,1,5.20205339,7.14285714,8/1/2024,9/5/2024,image
18-24,unknown,Inspection Boss video campaign | 2 August,0,29,0,,,,5.14042252,177.2559491,,,,8/1/2024,9/5/2024,video
65+,male,Old Creative Inspection Campaign | 13 August,19,20,1.05263158,,,,5.13315604,256.6578019,,,,8/1/2024,9/5/2024,image
35-44,unknown,Inspection hassan video campaign | 1 August,28,30,1.07142857,,,,5.09489132,169.8297108,,,,8/1/2024,9/5/2024,video
55-64,male,New White Creative Inspection Image Campaign | 4 September,22,22,1,,,,5.06218502,230.0993193,,,,8/1/2024,9/5/2024,image
18-24,female,Inspection abdullah video campaign | 20 August,8,17,2.125,,,,5.04738245,296.9048498,,,,8/1/2024,9/5/2024,video
18-24,unknown,1st Bidding Image Campaign | 17th August,64,164,2.5625,,,,4.79460924,29.23542222,,,,8/1/2024,9/5/2024,image
55-64,unknown,Laiba Old Inspection Image Campaign | 23th August,4,6,1.5,,,,4.78870516,798.1175271,,,,8/1/2024,9/5/2024,image
35-44,unknown,Sale my car video campaign | 6th August,52,52,1,Link clicks,4,1.19677077,4.78708308,92.05928999,4,1.19677077,7.69230769,8/1/2024,9/5/2024,
55-64,male,New Waqas Creative Inspection Image Campaign | 9 August,22,26,1.18181818,,,,4.69025209,180.3943112,,,,8/1/2024,9/5/2024,
25-34,unknown,Laiba Old Inspection Image Campaign | 23th August,12,17,1.41666667,,,,4.68894047,275.8200278,,,,8/1/2024,9/5/2024,image
45-54,female,Car Insurance Shehzad Video Campaign | 9 July,4,5,1.25,,,,4.6607612,932.1522398,,,,8/1/2024,9/5/2024,
35-44,unknown,Narzish Animated Inspection Image Campaign | 22th August,8,21,2.625,,,,4.62961723,220.4579631,,,,8/1/2024,9/5/2024,image
25-34,unknown,1st Bidding Image Campaign | 17th August,127,143,1.12598425,Link clicks,2,2.24344035,4.4868807,31.37678811,2,2.24344035,1.3986014,8/1/2024,9/5/2024,
25-34,female,Again Run Inspection hassan video campaign | 21 August,16,20,1.25,,,,4.46850943,223.4254716,,,,8/1/2024,9/5/2024,video
55-64,male,Change The Creative Inspection Image Campaign | 10 August,15,15,1,,,,4.2254603,281.6973533,1,4.2254603,6.66666667,8/1/2024,9/5/2024,image
55-64,male,Laiba Inspection Image Campaign | 7 August,19,21,1.10526316,,,,3.92443651,186.877929,,,,8/1/2024,9/5/2024,image
45-54,unknown,New Creative Inspection Image Campaign | 17th August,4,4,1,,,,3.85203367,963.0084169,,,,8/1/2024,9/5/2024,image
55-64,female,Laiba Animated Inspection Image Campaign | 22th August,12,17,1.41666667,,,,3.74315034,220.185314,,,,8/1/2024,9/5/2024,image
45-54,female,Price Change Creative Image Campaign | 31 August,12,25,2.08333333,,,,3.70968484,148.3873935,,,,8/1/2024,9/5/2024,image
25-34,female,Old Creative Inspection Campaign | 13 August,12,14,1.16666667,,,,3.64095952,260.0685368,,,,8/1/2024,9/5/2024,image
55-64,female,Narzish Animated Inspection Image Campaign | 22th August,8,19,2.375,,,,3.60192202,189.5748433,,,,8/1/2024,9/5/2024,image
55-64,female,Car Insurance Shehzad Video Campaign | 9 July,4,11,2.75,,,,3.55295715,322.9961041,,,,8/1/2024,9/5/2024,
25-34,unknown,Hafta Bazaar Tauqeer Video Campaign | 19 August,255,275,1.07843137,Reach,255,13.41303425,3.42032373,12.43754085,,,,8/1/2024,9/5/2024,
18-24,female,Car Insurance Shehzad Video Campaign | 9 July,9,9,1,,,,3.36542239,373.9358206,,,,8/1/2024,9/5/2024,
65+,female,Creative Change Inspection Image Campaign | 20th August,6,9,1.5,,,,3.25875758,362.0841757,,,,8/1/2024,9/5/2024,image
35-44,female,Again Run Inspection hassan video campaign | 9 August,8,8,1,,,,3.17463105,396.8288816,,,,8/1/2024,9/5/2024,video
65+,female,Narzish Animated Inspection Image Campaign | 22th August,8,14,1.75,,,,2.97333175,212.3808395,,,,8/1/2024,9/5/2024,image
45-54,unknown,Narzish Old Inspection Image Campaign | 23th August,8,17,2.125,,,,2.85971122,168.218307,,,,8/1/2024,9/5/2024,image
18-24,female,Animation Bidding Video Website Traffic Campaign | 4 September,30,30,1,Link clicks,4,0.71406655,2.8562662,95.20887326,4,0.71406655,13.33333333,8/1/2024,9/5/2024,
25-34,female,New White Creative Inspection Image Campaign | 4 September,4,4,1,,,,2.76389358,690.9733962,,,,8/1/2024,9/5/2024,image
35-44,unknown,Price Change Creative Image Campaign | 31 August,16,23,1.4375,,,,2.60180008,113.1217425,,,,8/1/2024,9/5/2024,image
45-54,unknown,1st Bidding Image Campaign | 17th August,57,57,1,Link clicks,2,1.28551117,2.57102235,45.10565523,2,1.28551117,3.50877193,8/1/2024,9/5/2024,
25-34,unknown,Price Change Creative Image Campaign | 31 August,12,12,1,,,,2.56192575,213.4938123,,,,8/1/2024,9/5/2024,image
55-64,unknown,Narzish Old Inspection Image Campaign | 23th August,0,4,0,,,,2.44267,610.6675001,,,,8/1/2024,9/5/2024,image
55-64,unknown,Again Run For Narzish Inspection hassan video campaign | 21 August,0,9,0,,,,2.38305357,264.7837302,,,,8/1/2024,9/5/2024,video
35-44,unknown,Car Insurance Shehzad Video Campaign | 9 July,1,4,4,,,,2.25777371,564.4434267,1,2.25777371,25,8/1/2024,9/5/2024,
25-34,female,Animation Bidding Video Website Traffic Campaign | 4 September,26,26,1,,,,2.12993046,81.92040245,,,,8/1/2024,9/5/2024,
55-64,unknown,Car Insurance Shehzad Video Campaign | 9 July,2,2,1,,,,2.10792147,1053.960735,,,,8/1/2024,9/5/2024,
25-34,unknown,New Creative Inspection Image Campaign | 17th August,13,13,1,,,,2.10471943,161.9014944,,,,8/1/2024,9/5/2024,image
45-54,unknown,Inspection hassan video campaign | 1 August,9,9,1,,,,2.08382052,231.5356136,,,,8/1/2024,9/5/2024,video
45-54,female,Old Creative Inspection Campaign | 13 August,3,4,1.33333333,,,,2.06917918,517.2947945,,,,8/1/2024,9/5/2024,image
35-44,unknown,Car Insurance Shehzad Video Campaign | 9 July,2,2,1,,,,2.04594442,1022.972212,,,,8/1/2024,9/5/2024,
55-64,unknown,Sale my car video campaign | 6th August,0,23,0,Link clicks,6,0.33646165,2.0187699,87.77260434,6,0.33646165,26.08695652,8/1/2024,9/5/2024,
45-54,female,Inspection abdullah video campaign | 20 August,10,10,1,Messaging conversations started,1,1.99896335,1.99896335,199.8963345,1,1.99896335,10,8/1/2024,9/5/2024,video
18-24,unknown,Inspection hassan video campaign | 1 August,4,8,2,,,,1.99408662,249.260828,,,,8/1/2024,9/5/2024,video
65+,female,Price Change Creative Image Campaign | 31 August,8,19,2.375,,,,1.99371654,104.9324492,,,,8/1/2024,9/5/2024,image
18-24,female,Again Run Inspection hassan video campaign | 9 August,5,6,1.2,,,,1.94670772,324.4512868,,,,8/1/2024,9/5/2024,video
35-44,unknown,New Creative Inspection Image Campaign | 17th August,0,8,0,,,,1.85652138,232.0651726,,,,8/1/2024,9/5/2024,image
25-34,female,Again Run Inspection hassan video campaign | 9 August,7,8,1.14285714,,,,1.82691032,228.3637903,,,,8/1/2024,9/5/2024,video
18-24,female,Old Creative Inspection Campaign | 13 August,9,12,1.33333333,,,,1.77073987,147.5616561,1,1.77073987,8.33333333,8/1/2024,9/5/2024,image
35-44,unknown,Hafta Bazaar Tauqeer Video Campaign | 19 August,128,144,1.125,Reach,128,13.6333057,1.74506313,12.11849395,,,,8/1/2024,9/5/2024,
18-24,female,Again Run Inspection hassan video campaign | 21 August,0,7,0,,,,1.71558844,245.0840632,,,,8/1/2024,9/5/2024,video
65+,male,Animation Bidding Video Website Traffic Campaign | 4 September,14,20,1.42857143,Link clicks,1,1.65879377,1.65879377,82.93968856,1,1.65879377,5,8/1/2024,9/5/2024,
25-34,unknown,Creative Change Inspection Image Campaign | 20th August,6,6,1,,,,1.65429284,275.7154732,,,,8/1/2024,9/5/2024,image
18-24,unknown,Buy a Car Campaign | 26 August,60,60,1,Link clicks,1,1.64506747,1.64506747,27.41779118,1,1.64506747,1.66666667,8/1/2024,9/5/2024,
55-64,female,Price Change Creative Image Campaign | 31 August,16,18,1.125,,,,1.58500465,88.05581364,,,,8/1/2024,9/5/2024,image
55-64,female,Car Insurance Shehzad Video Campaign | 9 July,4,4,1,,,,1.55846327,389.6158167,,,,8/1/2024,9/5/2024,video
25-34,unknown,Buy a Car Campaign | 26 August,0,21,0,,,,1.49784809,71.32609955,,,,8/1/2024,9/5/2024,
65+,female,Creative Change Still Inspection Campaign For Narzish | 03 September,2,5,2.5,,,,1.35654359,271.3087176,,,,8/1/2024,9/5/2024,image
45-54,female,Again Run Inspection hassan video campaign | 9 August,3,3,1,,,,1.34772073,449.2402433,,,,8/1/2024,9/5/2024,video
25-34,unknown,Car Insurance Shehzad Video Campaign | 9 July,2,3,1.5,,,,1.29823415,432.7447182,,,,8/1/2024,9/5/2024,video
55-64,female,Price Change Creative Image Campaign | 31 August,10,10,1,,,,1.26647843,126.6478426,,,,8/1/2024,9/5/2024,image
35-44,unknown,Price Change Creative Image Campaign | 31 August,8,12,1.5,,,,1.25650615,104.7088462,,,,8/1/2024,9/5/2024,image
18-24,unknown,Price Change Creative Image Campaign | 31 August,0,9,0,,,,1.24607283,138.4525372,,,,8/1/2024,9/5/2024,image
18-24,unknown,Narzish Old Inspection Image Campaign | 23th August,8,10,1.25,,,,1.23126455,123.1264553,,,,8/1/2024,9/5/2024,image
35-44,unknown,Laiba Animated Inspection Image Campaign | 22th August,5,5,1,,,,1.1379177,227.5835406,,,,8/1/2024,9/5/2024,image
45-54,female,Animation Bidding Video Website Traffic Campaign | 4 September,8,10,1.25,,,,1.09931895,109.9318949,,,,8/1/2024,9/5/2024,
25-34,unknown,Price Change Creative Image Campaign | 31 August,0,11,0,,,,1.07700528,97.90957048,,,,8/1/2024,9/5/2024,image
65+,unknown,Sale my car video campaign | 6th August,15,15,1,Link clicks,4,0.2673371,1.06934841,71.28989415,4,0.2673371,26.66666667,8/1/2024,9/5/2024,
25-34,unknown,Narzish Animated Inspection Image Campaign | 22th August,0,10,0,,,,1.0676057,106.7605696,,,,8/1/2024,9/5/2024,image
35-44,unknown,Creative Change Inspection Image Campaign | 20th August,7,7,1,,,,1.06632129,152.3316126,,,,8/1/2024,9/5/2024,image
45-54,unknown,Narzish Animated Inspection Image Campaign | 22th August,4,4,1,,,,1.0276952,256.9238008,,,,8/1/2024,9/5/2024,image
65+,female,Old Creative Inspection Campaign | 13 August,1,2,2,,,,1.02464161,512.3208061,,,,8/1/2024,9/5/2024,image
65+,unknown,Inspection hassan video campaign | 1 August,0,2,0,,,,0.99704331,498.5216561,,,,8/1/2024,9/5/2024,video
35-44,unknown,Inspection abdullah video campaign | 20 August,6,6,1,,,,0.98948686,164.914476,,,,8/1/2024,9/5/2024,video
25-34,unknown,For Website Animated Inspection Image Campaign | 01 September,32,32,1,,,,0.97499423,30.4685698,,,,8/1/2024,9/5/2024,image
55-64,unknown,Creative Change Inspection Image Campaign | 20th August,2,2,1,,,,0.96666509,483.3325464,,,,8/1/2024,9/5/2024,image
55-64,unknown,1st Bidding Image Campaign | 17th August,0,27,0,,,,0.95296581,35.29503009,,,,8/1/2024,9/5/2024,
18-24,unknown,Buy a Car Campaign | 26 August,16,26,1.625,Link clicks,1,0.93865147,0.93865147,36.10197962,1,0.93865147,3.84615385,8/1/2024,9/5/2024,
35-44,female,New White Creative Inspection Image Campaign | 4 September,3,3,1,,,,0.93120429,310.4014301,,,,8/1/2024,9/5/2024,image
35-44,unknown,Creative Change Still Inspection Campaign For Narzish | 03 September,7,7,1,,,,0.91766184,131.0945484,,,,8/1/2024,9/5/2024,image
45-54,unknown,Hafta Bazaar Tauqeer Video Campaign | 19 August,72,72,1,Reach,72,12.74173078,0.91740462,12.74173078,,,,8/1/2024,9/5/2024,
65+,unknown,Narzish Old Inspection Image Campaign | 23th August,3,3,1,,,,0.85394154,284.6471816,,,,8/1/2024,9/5/2024,image
55-64,unknown,Price Change Creative Image Campaign | 31 August,0,4,0,,,,0.84732953,211.8323819,,,,8/1/2024,9/5/2024,image
18-24,unknown,Creative Change Inspection Image Campaign | 20th August,9,9,1,,,,0.79724956,88.58328457,,,,8/1/2024,9/5/2024,image
45-54,unknown,Car Insurance Shehzad Video Campaign | 9 July,1,1,1,,,,0.77923163,779.2316333,,,,8/1/2024,9/5/2024,
35-44,female,Animation Bidding Video Website Traffic Campaign | 4 September,10,10,1,,,,0.75578178,75.57817775,,,,8/1/2024,9/5/2024,
65+,male,New White Creative Inspection Image Campaign | 4 September,6,6,1,,,,0.75288858,125.4814292,,,,8/1/2024,9/5/2024,image
65+,female,Car Insurance Shehzad Video Campaign | 9 July,1,2,2,,,,0.73853604,369.2680179,,,,8/1/2024,9/5/2024,
35-44,unknown,Again Run Inspection hassan video campaign | 9 August,2,2,1,,,,0.70880127,354.4006364,,,,8/1/2024,9/5/2024,video
25-34,unknown,Laiba Animated Inspection Image Campaign | 22th August,7,7,1,,,,0.70870313,101.2433044,,,,8/1/2024,9/5/2024,image
55-64,female,Old Creative Inspection Campaign | 13 August,1,1,1,,,,0.70630635,706.306354,,,,8/1/2024,9/5/2024,image
65+,female,Price Change Creative Image Campaign | 31 August,9,9,1,,,,0.69805897,77.5621083,,,,8/1/2024,9/5/2024,image
18-24,unknown,Laiba Old Inspection Image Campaign | 23th August,5,5,1,,,,0.68837637,137.6752734,,,,8/1/2024,9/5/2024,image
25-34,unknown,Buy a Car Campaign | 26 August,0,43,0,Link clicks,1,0.68793731,0.68793731,15.998542,1,0.68793731,2.3255814,8/1/2024,9/5/2024,
55-64,unknown,Price Change Creative Image Campaign | 31 August,0,1,0,,,,0.64819762,648.1976194,,,,8/1/2024,9/5/2024,image
35-44,unknown,Car Insurance Shehzad Video Campaign | 9 July,2,2,1,,,,0.63913066,319.5653304,,,,8/1/2024,9/5/2024,
55-64,unknown,Laiba Animated Inspection Image Campaign | 22th August,0,2,0,,,,0.62884926,314.4246284,,,,8/1/2024,9/5/2024,image
18-24,female,New White Creative Inspection Image Campaign | 4 September,4,4,1,,,,0.624105,156.0262507,,,,8/1/2024,9/5/2024,image
45-54,female,Car Insurance Shehzad Video Campaign | 9 July,3,3,1,,,,0.57921216,193.0707204,,,,8/1/2024,9/5/2024,
45-54,unknown,Creative Change Still Inspection Campaign For Narzish | 03 September,3,3,1,,,,0.56855136,189.5171189,,,,8/1/2024,9/5/2024,image
35-44,unknown,Buy a Car Campaign | 26 August,0,30,0,,,,0.55832593,18.61086432,,,,8/1/2024,9/5/2024,
55-64,female,Inspection abdullah video campaign | 20 August,3,3,1,,,,0.54971492,183.2383067,,,,8/1/2024,9/5/2024,video
65+,unknown,1st Bidding Image Campaign | 17th August,0,20,0,,,,0.54597,27.29849983,,,,8/1/2024,9/5/2024,image
18-24,unknown,Car Insurance Shehzad Video Campaign | 9 July,2,2,1,,,,0.52928008,264.6400392,,,,8/1/2024,9/5/2024,
45-54,unknown,Laiba Animated Inspection Image Campaign | 22th August,3,3,1,,,,0.50906845,169.689482,,,,8/1/2024,9/5/2024,image
35-44,unknown,For Website Animated Inspection Image Campaign | 01 September,15,15,1,,,,0.50739496,33.82633056,,,,8/1/2024,9/5/2024,image
65+,female,Inspection abdullah video campaign | 20 August,3,3,1,,,,0.49974084,166.5802788,,,,8/1/2024,9/5/2024,video
35-44,unknown,Buy a Car Campaign | 26 August,16,30,1.875,,,,0.4992827,16.64275656,,,,8/1/2024,9/5/2024,
45-54,unknown,Buy a Car Campaign | 26 August,16,16,1,,,,0.4992827,31.20516855,,,,8/1/2024,9/5/2024,
45-54,female,Again Run Inspection hassan video campaign | 21 August,4,5,1.25,,,,0.49871757,99.7435141,,,,8/1/2024,9/5/2024,video
25-34,unknown,Car Insurance Shehzad Video Campaign | 9 July,1,1,1,,,,0.48903062,489.0306183,,,,8/1/2024,9/5/2024,
45-54,unknown,Creative Change Inspection Image Campaign | 20th August,2,2,1,,,,0.46838412,234.1920586,,,,8/1/2024,9/5/2024,image
65+,unknown,Car Insurance Shehzad Video Campaign | 9 July,1,1,1,,,,0.45937516,459.3751624,,,,8/1/2024,9/5/2024,
45-54,unknown,Price Change Creative Image Campaign | 31 August,4,4,1,,,,0.45872447,114.6811173,,,,8/1/2024,9/5/2024,image
45-54,unknown,Car Insurance Shehzad Video Campaign | 9 July,1,2,2,,,,0.44910975,224.5548758,,,,8/1/2024,9/5/2024,
65+,female,Animation Bidding Video Website Traffic Campaign | 4 September,3,3,1,Link clicks,1,0.40242926,0.40242926,134.143086,1,0.40242926,33.33333333,8/1/2024,9/5/2024,
45-54,unknown,Price Change Creative Image Campaign | 31 August,8,8,1,,,,0.39874331,49.84291338,,,,8/1/2024,9/5/2024,image
55-64,female,Creative Change Still Inspection Campaign For Narzish | 03 September,0,3,0,,,,0.38900882,129.6696077,,,,8/1/2024,9/5/2024,image
55-64,unknown,Hafta Bazaar Tauqeer Video Campaign | 19 August,0,31,0,,,,0.38889978,12.54515429,,,,8/1/2024,9/5/2024,
55-64,unknown,Car Insurance Shehzad Video Campaign | 9 July,1,1,1,,,,0.37948383,379.4838298,,,,8/1/2024,9/5/2024,
25-34,unknown,Car Insurance Shehzad Video Campaign | 9 July,2,2,1,,,,0.35964537,179.8226846,,,,8/1/2024,9/5/2024,
45-54,unknown,Car Insurance Shehzad Video Campaign | 9 July,2,2,1,,,,0.359511,179.7554983,,,,8/1/2024,9/5/2024,
45-54,unknown,Again Run Inspection hassan video campaign | 9 August,2,2,1,,,,0.34940908,174.7045391,,,,8/1/2024,9/5/2024,video
45-54,unknown,Inspection abdullah video campaign | 20 August,2,2,1,,,,0.32982895,164.914476,,,,8/1/2024,9/5/2024,video
65+,unknown,Laiba Old Inspection Image Campaign | 23th August,2,2,1,,,,0.32922348,164.61174,,,,8/1/2024,9/5/2024,image
18-24,unknown,For Website Animated Inspection Image Campaign | 01 September,16,19,1.1875,,,,0.31836546,16.75607706,,,,8/1/2024,9/5/2024,image
55-64,female,Car Insurance Shehzad Video Campaign | 9 July,1,1,1,,,,0.28960608,289.6060807,,,,8/1/2024,9/5/2024,
18-24,unknown,Inspection abdullah video campaign | 20 August,2,2,1,,,,0.27985487,139.9274342,,,,8/1/2024,9/5/2024,video
45-54,unknown,Buy a Car Campaign | 26 August,0,14,0,,,,0.27916296,19.94021177,,,,8/1/2024,9/5/2024,
65+,unknown,Hafta Bazaar Tauqeer Video Campaign | 19 August,0,20,0,,,,0.25926652,12.9633261,,,,8/1/2024,9/5/2024,
65+,unknown,Again Run For Narzish Inspection hassan video campaign | 21 August,0,1,0,,,,0.21936058,219.3605798,,,,8/1/2024,9/5/2024,video
45-54,female,New White Creative Inspection Image Campaign | 4 September,1,1,1,,,,0.21794143,217.9414296,,,,8/1/2024,9/5/2024,image
18-24,unknown,Again Run Inspection hassan video campaign | 21 August,1,1,1,,,,0.20946138,209.4613796,,,,8/1/2024,9/5/2024,video
18-24,unknown,Price Change Creative Image Campaign | 31 August,7,7,1,,,,0.20941769,29.9168132,,,,8/1/2024,9/5/2024,image
55-64,unknown,Buy a Car Campaign | 26 August,8,8,1,,,,0.20937222,26.17152795,,,,8/1/2024,9/5/2024,
45-54,unknown,For Website Animated Inspection Image Campaign | 01 September,0,8,0,,,,0.18902949,23.62868679,,,,8/1/2024,9/5/2024,image
18-24,unknown,Narzish Animated Inspection Image Campaign | 22th August,5,5,1,,,,0.1696196,33.92391933,,,,8/1/2024,9/5/2024,image
65+,unknown,Inspection muzammil video campaign | 10 August,0,1,0,,,,0.15960445,159.6044508,,,,8/1/2024,9/5/2024,video
25-34,unknown,Again Run Inspection hassan video campaign | 9 August,1,1,1,,,,0.14974675,149.7467478,,,,8/1/2024,9/5/2024,video
55-64,unknown,Buy a Car Campaign | 26 August,0,4,0,,,,0.13979916,34.94978878,,,,8/1/2024,9/5/2024,
25-34,unknown,Inspection abdullah video campaign | 20 August,0,1,0,,,,0.12993262,129.9326174,,,,8/1/2024,9/5/2024,video
55-64,female,Again Run Inspection hassan video campaign | 21 August,0,1,0,,,,0.10971787,109.7178655,1,0.10971787,100,8/1/2024,9/5/2024,video
65+,unknown,Buy a Car Campaign | 26 August,5,5,1,,,,0.10967116,21.93423295,,,,8/1/2024,9/5/2024,
35-44,unknown,Old Creative Inspection Campaign | 13 August,1,1,1,,,,0.10942774,109.427745,,,,8/1/2024,9/5/2024,image
35-44,unknown,Animation Bidding Video Website Traffic Campaign | 4 September,1,1,1,,,,0.10796883,107.9688254,,,,8/1/2024,9/5/2024,
55-64,female,Animation Bidding Video Website Traffic Campaign | 4 September,2,2,1,,,,0.09815348,49.0767388,,,,8/1/2024,9/5/2024,
65+,unknown,Buy a Car Campaign | 26 August,0,3,0,,,,0.08987089,29.95696181,,,,8/1/2024,9/5/2024,
65+,unknown,Laiba Animated Inspection Image Campaign | 22th August,1,1,1,,,,0.08983561,89.83560812,,,,8/1/2024,9/5/2024,image
35-44,unknown,Again Run Inspection hassan video campaign | 21 August,0,1,0,,,,0.08976916,89.76916269,,,,8/1/2024,9/5/2024,video
18-24,unknown,Creative Change Still Inspection Campaign For Narzish | 03 September,1,1,1,,,,0.07979668,79.79668165,,,,8/1/2024,9/5/2024,image
18-24,unknown,Car Insurance Shehzad Video Campaign | 9 July,1,1,1,,,,0.04990108,49.9010835,,,,8/1/2024,9/5/2024,
65+,unknown,New Creative Inspection Image Campaign | 17th August,0,1,0,,,,0.04963961,49.63960912,,,,8/1/2024,9/5/2024,image
55-64,unknown,For Website Animated Inspection Image Campaign | 01 September,6,6,1,,,,0.03979568,6.63261383,,,,8/1/2024,9/5/2024,image
65+,unknown,For Website Animated Inspection Image Campaign | 01 September,0,1,0,,,,0.01989784,19.8978415,,,,8/1/2024,9/5/2024,image
18-24,unknown,Animation Bidding Video Website Traffic Campaign | 4 September,0,1,0,,,,0.0196307,19.63069552,,,,8/1/2024,9/5/2024,
